ID,Name,Is_Closed,Review_Count,Categories_All,Categories,Rating,Latitude,Longitude,Price,Address,City,Zip_Code,State
D00g6eURppfsUNXY1E_rew,Peppercorn Grille,False,1759,"Seafood, Steakhouses, Italian",Seafood,4.0,34.2424411,-116.911209,$$,553 Pine Knot Ave,Big Bear Lake,92315,CA
D00g6eURppfsUNXY1E_rew,Peppercorn Grille,False,1759,"Seafood, Steakhouses, Italian",Steakhouses,4.0,34.2424411,-116.911209,$$,553 Pine Knot Ave,Big Bear Lake,92315,CA
D00g6eURppfsUNXY1E_rew,Peppercorn Grille,False,1759,"Seafood, Steakhouses, Italian",Italian,4.0,34.2424411,-116.911209,$$,553 Pine Knot Ave,Big Bear Lake,92315,CA
dba9KFFlqRg6EcKMQ_2U5g,Oakside,False,661,"Seafood, American (Traditional), Sports Bars",Seafood,4.0,34.23977,-116.91395,$$,40701 Village Dr,Big Bear Lake,92315,CA
dba9KFFlqRg6EcKMQ_2U5g,Oakside,False,661,"Seafood, American (Traditional), Sports Bars",American (Traditional),4.0,34.23977,-116.91395,$$,40701 Village Dr,Big Bear Lake,92315,CA
dba9KFFlqRg6EcKMQ_2U5g,Oakside,False,661,"Seafood, American (Traditional), Sports Bars",Sports Bars,4.0,34.23977,-116.91395,$$,40701 Village Dr,Big Bear Lake,92315,CA
51Xsw-SkLwmZi_Z51YO9BA,Murray's Saloon & Eatery,False,961,"Karaoke, Bars, American (Traditional)",Karaoke,4.5,34.24037,-116.91387,$$,672 Cottage Ln,Big Bear Lake,92315,CA
51Xsw-SkLwmZi_Z51YO9BA,Murray's Saloon & Eatery,False,961,"Karaoke, Bars, American (Traditional)",Bars,4.5,34.24037,-116.91387,$$,672 Cottage Ln,Big Bear Lake,92315,CA
51Xsw-SkLwmZi_Z51YO9BA,Murray's Saloon & Eatery,False,961,"Karaoke, Bars, American (Traditional)",American (Traditional),4.5,34.24037,-116.91387,$$,672 Cottage Ln,Big Bear Lake,92315,CA
TLzgGInAfx7fKFtoUgvx5w,Grizzly Manor Cafe,False,1788,"Breakfast & Brunch, American (Traditional), Sandwiches",Breakfast & Brunch,4.5,34.243799,-116.901754,$$,41268 Big Bear Blvd,Big Bear Lake,92315,CA
TLzgGInAfx7fKFtoUgvx5w,Grizzly Manor Cafe,False,1788,"Breakfast & Brunch, American (Traditional), Sandwiches",American (Traditional),4.5,34.243799,-116.901754,$$,41268 Big Bear Blvd,Big Bear Lake,92315,CA
TLzgGInAfx7fKFtoUgvx5w,Grizzly Manor Cafe,False,1788,"Breakfast & Brunch, American (Traditional), Sandwiches",Sandwiches,4.5,34.243799,-116.901754,$$,41268 Big Bear Blvd,Big Bear Lake,92315,CA
vYo6Oq411IRDuR2pCjhwlw,Captain's Anchorage,False,698,"Seafood, Steakhouses",Seafood,4.0,34.245404,-116.882484,$$,42148 Moonridge Way,Big Bear Lake,92315,CA
vYo6Oq411IRDuR2pCjhwlw,Captain's Anchorage,False,698,"Seafood, Steakhouses",Steakhouses,4.0,34.245404,-116.882484,$$,42148 Moonridge Way,Big Bear Lake,92315,CA
lOs4hhlNwBqQprEexMvjaA,Fire Rock Burgers & Brews,False,738,"Burgers, Beer Bar",Burgers,4.0,34.24135,-116.9118,$$,618 Pine Knot Ave,Big Bear Lake,92315,CA
lOs4hhlNwBqQprEexMvjaA,Fire Rock Burgers & Brews,False,738,"Burgers, Beer Bar",Beer Bar,4.0,34.24135,-116.9118,$$,618 Pine Knot Ave,Big Bear Lake,92315,CA
roIR1CowViij9WMCJC_uvQ,Saucy Mama's,False,1421,"Pizza, Bars",Pizza,4.0,34.2414185403814,-116.911649610658,$$,618 B Pine Knot Ave,Big Bear Lake,92315,CA
roIR1CowViij9WMCJC_uvQ,Saucy Mama's,False,1421,"Pizza, Bars",Bars,4.0,34.2414185403814,-116.911649610658,$$,618 B Pine Knot Ave,Big Bear Lake,92315,CA
a4FyhMAzGV-Zsu24HucsyA,Teddy Bear Restaurant,False,1920,"American (Traditional), Breakfast & Brunch, Diners",American (Traditional),4.0,34.24196,-116.91125,$$,583 Pine Knot Ave,Big Bear Lake,92315,CA
a4FyhMAzGV-Zsu24HucsyA,Teddy Bear Restaurant,False,1920,"American (Traditional), Breakfast & Brunch, Diners",Breakfast & Brunch,4.0,34.24196,-116.91125,$$,583 Pine Knot Ave,Big Bear Lake,92315,CA
a4FyhMAzGV-Zsu24HucsyA,Teddy Bear Restaurant,False,1920,"American (Traditional), Breakfast & Brunch, Diners",Diners,4.0,34.24196,-116.91125,$$,583 Pine Knot Ave,Big Bear Lake,92315,CA
X9pmEbuVJHIdT1sWzFlcjw,The Pines Lakefront,False,389,"American (Traditional), Seafood, Bars",American (Traditional),3.5,34.24537,-116.90905,$$,350 Alden Rd,Big Bear Lake,92315,CA
X9pmEbuVJHIdT1sWzFlcjw,The Pines Lakefront,False,389,"American (Traditional), Seafood, Bars",Seafood,3.5,34.24537,-116.90905,$$,350 Alden Rd,Big Bear Lake,92315,CA
X9pmEbuVJHIdT1sWzFlcjw,The Pines Lakefront,False,389,"American (Traditional), Seafood, Bars",Bars,3.5,34.24537,-116.90905,$$,350 Alden Rd,Big Bear Lake,92315,CA
ROmEEWphNuDZukxzq5IOLA,Santana & Mavericks Unique Crafted Foods,False,154,"Asian Fusion, French, Italian",Asian Fusion,4.0,34.24323,-116.91275,$$,40771 Big Bear Blvd,Big Bear Lake,92315,CA
ROmEEWphNuDZukxzq5IOLA,Santana & Mavericks Unique Crafted Foods,False,154,"Asian Fusion, French, Italian",French,4.0,34.24323,-116.91275,$$,40771 Big Bear Blvd,Big Bear Lake,92315,CA
ROmEEWphNuDZukxzq5IOLA,Santana & Mavericks Unique Crafted Foods,False,154,"Asian Fusion, French, Italian",Italian,4.0,34.24323,-116.91275,$$,40771 Big Bear Blvd,Big Bear Lake,92315,CA
PS4x-8gLxA_H_pnacpeDwA,Himalayan Restaurant,False,1257,"Indian, Himalayan/Nepalese",Indian,4.0,34.24037,-116.9118,$$,672 Pine Knot Ave,Big Bear Lake,92315,CA
PS4x-8gLxA_H_pnacpeDwA,Himalayan Restaurant,False,1257,"Indian, Himalayan/Nepalese",Himalayan/Nepalese,4.0,34.24037,-116.9118,$$,672 Pine Knot Ave,Big Bear Lake,92315,CA
rY_oBeebUNK-JBDJw-NuLg,Big Bear Lake Brewing Company,False,1452,"Breweries, Bars, American (New)",Breweries,3.5,34.242516,-116.911008,$$,40827 Stone Rd,Big Bear Lake,92315,CA
rY_oBeebUNK-JBDJw-NuLg,Big Bear Lake Brewing Company,False,1452,"Breweries, Bars, American (New)",Bars,3.5,34.242516,-116.911008,$$,40827 Stone Rd,Big Bear Lake,92315,CA
rY_oBeebUNK-JBDJw-NuLg,Big Bear Lake Brewing Company,False,1452,"Breweries, Bars, American (New)",American (New),3.5,34.242516,-116.911008,$$,40827 Stone Rd,Big Bear Lake,92315,CA
2KE6LsNNI3x9uXrJ9_mSig,Gaby's Latin Flavors,False,495,"Mexican, Latin American, American (Traditional)",Mexican,4.5,34.24384,-116.89409,$$,41618 Big Bear Blvd,Big Bear Lake,92315,CA
2KE6LsNNI3x9uXrJ9_mSig,Gaby's Latin Flavors,False,495,"Mexican, Latin American, American (Traditional)",Latin American,4.5,34.24384,-116.89409,$$,41618 Big Bear Blvd,Big Bear Lake,92315,CA
2KE6LsNNI3x9uXrJ9_mSig,Gaby's Latin Flavors,False,495,"Mexican, Latin American, American (Traditional)",American (Traditional),4.5,34.24384,-116.89409,$$,41618 Big Bear Blvd,Big Bear Lake,92315,CA
biShABdafiViwLGNMADJmg,Local / TROPICALI,False,736,"Hawaiian, Poke, Sushi Bars",Hawaiian,5.0,34.2410736103233,-116.915901288242,$$,40616 Village Dr,Big Bear Lake,92315,CA
biShABdafiViwLGNMADJmg,Local / TROPICALI,False,736,"Hawaiian, Poke, Sushi Bars",Poke,5.0,34.2410736103233,-116.915901288242,$$,40616 Village Dr,Big Bear Lake,92315,CA
biShABdafiViwLGNMADJmg,Local / TROPICALI,False,736,"Hawaiian, Poke, Sushi Bars",Sushi Bars,5.0,34.2410736103233,-116.915901288242,$$,40616 Village Dr,Big Bear Lake,92315,CA
cwK8NADtCix-wwTkGMob0A,Bone-Side Down Barbecue & Grill,False,297,"Barbeque, Sandwiches, American (Traditional)",Barbeque,4.5,34.241566,-116.9192304,$$,40465 Big Bear Blvd,Big Bear Lake,92315,CA
cwK8NADtCix-wwTkGMob0A,Bone-Side Down Barbecue & Grill,False,297,"Barbeque, Sandwiches, American (Traditional)",Sandwiches,4.5,34.241566,-116.9192304,$$,40465 Big Bear Blvd,Big Bear Lake,92315,CA
cwK8NADtCix-wwTkGMob0A,Bone-Side Down Barbecue & Grill,False,297,"Barbeque, Sandwiches, American (Traditional)",American (Traditional),4.5,34.241566,-116.9192304,$$,40465 Big Bear Blvd,Big Bear Lake,92315,CA
7lf5WqGx_tvBz5ZgTb2U6w,The Old German Deli,False,322,"German, Delis, Meat Shops",German,5.0,34.2404783,-116.9153884,$$,40645 Village Dr,Big Bear Lake,92315,CA
7lf5WqGx_tvBz5ZgTb2U6w,The Old German Deli,False,322,"German, Delis, Meat Shops",Delis,5.0,34.2404783,-116.9153884,$$,40645 Village Dr,Big Bear Lake,92315,CA
7lf5WqGx_tvBz5ZgTb2U6w,The Old German Deli,False,322,"German, Delis, Meat Shops",Meat Shops,5.0,34.2404783,-116.9153884,$$,40645 Village Dr,Big Bear Lake,92315,CA
xnEgY06FG7T-YGKnxXCzrg,Sweet Basil Bistro,False,618,"Italian, Salad, Sandwiches",Italian,4.0,34.2428734,-116.9153847,$$,40629 Big Bear Blvd,Big Bear Lake,92315,CA
xnEgY06FG7T-YGKnxXCzrg,Sweet Basil Bistro,False,618,"Italian, Salad, Sandwiches",Salad,4.0,34.2428734,-116.9153847,$$,40629 Big Bear Blvd,Big Bear Lake,92315,CA
xnEgY06FG7T-YGKnxXCzrg,Sweet Basil Bistro,False,618,"Italian, Salad, Sandwiches",Sandwiches,4.0,34.2428734,-116.9153847,$$,40629 Big Bear Blvd,Big Bear Lake,92315,CA
cDFenpGfdQtumnalVlOoNw,572 Social Kitchen  & Lounge,False,959,American (New),American (New),3.5,34.2424231793167,-116.911523044109,$$,572 Pine Knot Ave,Big Bear Lake,92315,CA
97mURCc7Zyw8hA0QuD69Cg,The Bone Yard Bar & Grill,False,369,"Barbeque, American (New), Bars",Barbeque,3.5,34.24239,-116.91181,$$,560 Pine Knot Ave,Big Bear Lake,92315,CA
97mURCc7Zyw8hA0QuD69Cg,The Bone Yard Bar & Grill,False,369,"Barbeque, American (New), Bars",American (New),3.5,34.24239,-116.91181,$$,560 Pine Knot Ave,Big Bear Lake,92315,CA
97mURCc7Zyw8hA0QuD69Cg,The Bone Yard Bar & Grill,False,369,"Barbeque, American (New), Bars",Bars,3.5,34.24239,-116.91181,$$,560 Pine Knot Ave,Big Bear Lake,92315,CA
FTWYsL3-mX6pSmCjKsdZfQ,Azteca Grill Mexican Food Restaurant,False,807,"Mexican, Seafood, Sports Bars",Mexican,4.0,34.2391957,-116.9250318,$$,40199 Big Bear Blvd,Big Bear Lake,92315,CA
FTWYsL3-mX6pSmCjKsdZfQ,Azteca Grill Mexican Food Restaurant,False,807,"Mexican, Seafood, Sports Bars",Seafood,4.0,34.2391957,-116.9250318,$$,40199 Big Bear Blvd,Big Bear Lake,92315,CA
FTWYsL3-mX6pSmCjKsdZfQ,Azteca Grill Mexican Food Restaurant,False,807,"Mexican, Seafood, Sports Bars",Sports Bars,4.0,34.2391957,-116.9250318,$$,40199 Big Bear Blvd,Big Bear Lake,92315,CA
S7F8SQ7PnfIwa0SNSGXfhA,Nottinghams Restaurant & Tavern,False,588,"American (Traditional), Salad, Burgers",American (Traditional),3.5,34.24355,-116.91194,$$,40797 Big Bear Blvd,Big Bear Lake,92315,CA
S7F8SQ7PnfIwa0SNSGXfhA,Nottinghams Restaurant & Tavern,False,588,"American (Traditional), Salad, Burgers",Salad,3.5,34.24355,-116.91194,$$,40797 Big Bear Blvd,Big Bear Lake,92315,CA
S7F8SQ7PnfIwa0SNSGXfhA,Nottinghams Restaurant & Tavern,False,588,"American (Traditional), Salad, Burgers",Burgers,3.5,34.24355,-116.91194,$$,40797 Big Bear Blvd,Big Bear Lake,92315,CA
JALXi9oBZHdwWliOaw_Jug,Dynasty,False,333,"Chinese, Asian Fusion, Mongolian",Chinese,3.5,34.2435188293457,-116.907836914062,$$,40989 Big Bear Blvd,Big Bear Lake,92315,CA
JALXi9oBZHdwWliOaw_Jug,Dynasty,False,333,"Chinese, Asian Fusion, Mongolian",Asian Fusion,3.5,34.2435188293457,-116.907836914062,$$,40989 Big Bear Blvd,Big Bear Lake,92315,CA
JALXi9oBZHdwWliOaw_Jug,Dynasty,False,333,"Chinese, Asian Fusion, Mongolian",Mongolian,3.5,34.2435188293457,-116.907836914062,$$,40989 Big Bear Blvd,Big Bear Lake,92315,CA
Rjpw8eOAyV-EOcbepI3ZyA,Laguna Grill,False,282,"Mexican, American (Traditional)",Mexican,3.5,34.2442093,-116.9107819,$$,40844 Big Bear Blvd,Big Bear Lake,92315,CA
Rjpw8eOAyV-EOcbepI3ZyA,Laguna Grill,False,282,"Mexican, American (Traditional)",American (Traditional),3.5,34.2442093,-116.9107819,$$,40844 Big Bear Blvd,Big Bear Lake,92315,CA
r_QtcGY6S9rhZ9v61cJc-g,Get The Burger,False,674,Burgers,Burgers,4.0,34.24914,-116.88275,$,42151 Big Bear Blvd,Big Bear Lake,92315,CA
2kxn261WCag6ZEfploujmg,909 Taqueria,False,45,Mexican,Mexican,4.0,34.24302,-116.88965,,41819 Big Bear Blvd,Big Bear Lake,92315,CA
UndC_fyw5ww_nUBMLLC71w,El Jacalito Grill,False,594,Mexican,Mexican,3.5,34.242835,-116.911148,$$,535 Pine Knot Ave,Big Bear Lake,92315,CA
SHBuSZDS9EVwm-CbBcZV3g,Sonora Cantina,False,339,Mexican,Mexican,3.5,34.24397,-116.90438,$$,41144 Big Bear Blvd,Big Bear Lake,92315,CA
6QOKLD9yq-0lSqHHinEG4w,The Pines Tavern At The Lake,False,28,"Cocktail Bars, Barbeque",Cocktail Bars,3.0,34.2470275250883,-116.908805295825,,330 Alden Rd,Big Bear Lake,92315,CA
6QOKLD9yq-0lSqHHinEG4w,The Pines Tavern At The Lake,False,28,"Cocktail Bars, Barbeque",Barbeque,3.0,34.2470275250883,-116.908805295825,,330 Alden Rd,Big Bear Lake,92315,CA
Ljr_4K_syidjNlYAOjLxeQ,The Cave,False,129,"Music Venues, American (New)",Music Venues,3.5,34.239624,-116.912048,$$,40789 Village Dr,Big Bear Lake,92315,CA
Ljr_4K_syidjNlYAOjLxeQ,The Cave,False,129,"Music Venues, American (New)",American (New),3.5,34.239624,-116.912048,$$,40789 Village Dr,Big Bear Lake,92315,CA
qC6X-DcOkSfvlrvi3Y9oqQ,Hacienda Grill,False,720,"Mexican, Seafood, Sports Bars",Mexican,3.5,34.24303,-116.89052,$$,41787 Big Bear Blvd,Big Bear Lake,92315,CA
qC6X-DcOkSfvlrvi3Y9oqQ,Hacienda Grill,False,720,"Mexican, Seafood, Sports Bars",Seafood,3.5,34.24303,-116.89052,$$,41787 Big Bear Blvd,Big Bear Lake,92315,CA
qC6X-DcOkSfvlrvi3Y9oqQ,Hacienda Grill,False,720,"Mexican, Seafood, Sports Bars",Sports Bars,3.5,34.24303,-116.89052,$$,41787 Big Bear Blvd,Big Bear Lake,92315,CA
0cmp-fxkYCJnbj-E_QgklQ,Royal Thai Cafe,False,394,Thai,Thai,3.0,34.2399732,-116.9125578,$$,40766 Village Dr,Big Bear Lake,92315,CA
2otXDEiKDqUbox4BS6uK0g,Village Pizza,False,326,"Pizza, Italian",Pizza,3.5,34.24149,-116.91675,$$,40568 Village Dr,Big Bear Lake,92315,CA
2otXDEiKDqUbox4BS6uK0g,Village Pizza,False,326,"Pizza, Italian",Italian,3.5,34.24149,-116.91675,$$,40568 Village Dr,Big Bear Lake,92315,CA
wqM51omW5UQftAs9p8CyTg,Big Bear Mountain Brewery,False,485,"Pubs, American (Traditional), Breweries",Pubs,3.0,34.2391,-116.92356,$$,40260 Big Bear Blvd,Big Bear Lake,92315,CA
wqM51omW5UQftAs9p8CyTg,Big Bear Mountain Brewery,False,485,"Pubs, American (Traditional), Breweries",American (Traditional),3.0,34.2391,-116.92356,$$,40260 Big Bear Blvd,Big Bear Lake,92315,CA
wqM51omW5UQftAs9p8CyTg,Big Bear Mountain Brewery,False,485,"Pubs, American (Traditional), Breweries",Breweries,3.0,34.2391,-116.92356,$$,40260 Big Bear Blvd,Big Bear Lake,92315,CA
zmJDxe-aHWDd0yGs2iNpgA,Whiskey Dave's,False,300,"American (Traditional), Sports Bars, Pool Halls",American (Traditional),3.5,34.240295,-116.913098,$$,40740 Village Dr,Big Bear Lake,92314,CA
zmJDxe-aHWDd0yGs2iNpgA,Whiskey Dave's,False,300,"American (Traditional), Sports Bars, Pool Halls",Sports Bars,3.5,34.240295,-116.913098,$$,40740 Village Dr,Big Bear Lake,92314,CA
zmJDxe-aHWDd0yGs2iNpgA,Whiskey Dave's,False,300,"American (Traditional), Sports Bars, Pool Halls",Pool Halls,3.5,34.240295,-116.913098,$$,40740 Village Dr,Big Bear Lake,92314,CA
H_rTZ7bVQPY-NxrqL1mpSA,Jasper's Smokehouse,False,617,"Barbeque, Steakhouses, Burgers",Barbeque,3.0,34.2415,-116.91115,$$,607 Pine Knot Ave,Big Bear Lake,92315,CA
H_rTZ7bVQPY-NxrqL1mpSA,Jasper's Smokehouse,False,617,"Barbeque, Steakhouses, Burgers",Steakhouses,3.0,34.2415,-116.91115,$$,607 Pine Knot Ave,Big Bear Lake,92315,CA
H_rTZ7bVQPY-NxrqL1mpSA,Jasper's Smokehouse,False,617,"Barbeque, Steakhouses, Burgers",Burgers,3.0,34.2415,-116.91115,$$,607 Pine Knot Ave,Big Bear Lake,92315,CA
b2_ovPiqQjtGywDyex_a8Q,Grizzly's Bear Belly Deli,False,381,"Delis, Sandwiches, American (Traditional)",Delis,4.0,34.24101,-116.87438,$,42530 Moonridge Rd,Big Bear Lake,92315,CA
b2_ovPiqQjtGywDyex_a8Q,Grizzly's Bear Belly Deli,False,381,"Delis, Sandwiches, American (Traditional)",Sandwiches,4.0,34.24101,-116.87438,$,42530 Moonridge Rd,Big Bear Lake,92315,CA
b2_ovPiqQjtGywDyex_a8Q,Grizzly's Bear Belly Deli,False,381,"Delis, Sandwiches, American (Traditional)",American (Traditional),4.0,34.24101,-116.87438,$,42530 Moonridge Rd,Big Bear Lake,92315,CA
hxDFQ5_fF_rCjkyU7pfKzg,Fuji Restaurant,False,194,"Sushi Bars, Japanese",Sushi Bars,3.0,34.24338,-116.90707,$$,41025 Big Bear Blvd,Big Bear Lake,92315,CA
hxDFQ5_fF_rCjkyU7pfKzg,Fuji Restaurant,False,194,"Sushi Bars, Japanese",Japanese,3.0,34.24338,-116.90707,$$,41025 Big Bear Blvd,Big Bear Lake,92315,CA
9iek6SHfQ4aG8p3eGFHHEA,Broadway Cafe,False,367,"Coffee & Tea, Burgers, Sandwiches",Coffee & Tea,4.5,34.260634,-116.865024,$$,1117 W Big Bear Blvd,Big Bear City,92314,CA
9iek6SHfQ4aG8p3eGFHHEA,Broadway Cafe,False,367,"Coffee & Tea, Burgers, Sandwiches",Burgers,4.5,34.260634,-116.865024,$$,1117 W Big Bear Blvd,Big Bear City,92314,CA
9iek6SHfQ4aG8p3eGFHHEA,Broadway Cafe,False,367,"Coffee & Tea, Burgers, Sandwiches",Sandwiches,4.5,34.260634,-116.865024,$$,1117 W Big Bear Blvd,Big Bear City,92314,CA
9LywbwQP8Wcf9a-Ob7xXzQ,Wyatt's Grill & Saloon,False,45,"Bars, American (Traditional), Country Dance Halls",Bars,4.0,34.261015,-116.866926,$,42900 Big Bear Blvd,Big Bear Lake,92315,CA
9LywbwQP8Wcf9a-Ob7xXzQ,Wyatt's Grill & Saloon,False,45,"Bars, American (Traditional), Country Dance Halls",American (Traditional),4.0,34.261015,-116.866926,$,42900 Big Bear Blvd,Big Bear Lake,92315,CA
9LywbwQP8Wcf9a-Ob7xXzQ,Wyatt's Grill & Saloon,False,45,"Bars, American (Traditional), Country Dance Halls",Country Dance Halls,4.0,34.261015,-116.866926,$,42900 Big Bear Blvd,Big Bear Lake,92315,CA
j8nP7NE-ZRTpsDpXhuxmrA,Grind & Grill Cafe,False,367,Cafes,Cafes,4.0,34.243336,-116.885417,$$,42011 Big Bear Blvd,Big Bear Lake,92315,CA
LibihmdaF1-ePuuEhcaHlg,Maggio's Pizza,False,535,"Pizza, Sandwiches, Italian",Pizza,3.5,34.2510443775281,-116.883974075317,$$,42160 Big Bear Blvd,Big Bear Lake,92315,CA
LibihmdaF1-ePuuEhcaHlg,Maggio's Pizza,False,535,"Pizza, Sandwiches, Italian",Sandwiches,3.5,34.2510443775281,-116.883974075317,$$,42160 Big Bear Blvd,Big Bear Lake,92315,CA
LibihmdaF1-ePuuEhcaHlg,Maggio's Pizza,False,535,"Pizza, Sandwiches, Italian",Italian,3.5,34.2510443775281,-116.883974075317,$$,42160 Big Bear Blvd,Big Bear Lake,92315,CA
TAzrIzsVpuIt3HV_JcRd5A,BJ's Restaurant and Sandwich Shop,False,141,"Burgers, Bars",Burgers,4.5,34.26092,-116.84503,$,110 E Big Bear Blvd,Big Bear City,92314,CA
TAzrIzsVpuIt3HV_JcRd5A,BJ's Restaurant and Sandwich Shop,False,141,"Burgers, Bars",Bars,4.5,34.26092,-116.84503,$,110 E Big Bear Blvd,Big Bear City,92314,CA
3owZ89OargDr6A-ph_qO0Q,Sandy's Sports Bar & Restaurant,False,198,"Sports Bars, American (New)",Sports Bars,4.0,34.2435251,-116.9086351,$$,40951 Big Bear Blvd,Big Bear Lake,92315,CA
3owZ89OargDr6A-ph_qO0Q,Sandy's Sports Bar & Restaurant,False,198,"Sports Bars, American (New)",American (New),4.0,34.2435251,-116.9086351,$$,40951 Big Bear Blvd,Big Bear Lake,92315,CA
PV8sjdF2ygBh82z9eiFIBg,Paoli's Italian Country Kitchen,False,679,"Italian, Pizza",Italian,2.5,34.23975,-116.91115,$$,40821 Village Dr,Big Bear Lake,92315,CA
PV8sjdF2ygBh82z9eiFIBg,Paoli's Italian Country Kitchen,False,679,"Italian, Pizza",Pizza,2.5,34.23975,-116.91115,$$,40821 Village Dr,Big Bear Lake,92315,CA
1bXnkyQFRnCywJ_smsAeiQ,Nuevo Vallarta Grill,False,135,Mexican,Mexican,4.0,34.243272,-116.908937,$,40949 Big Bear Blvd,Big Bear Lake,92315,CA
ERs8_W-XcIjBUJfMk6AwQw,Dank Donuts,False,150,"Coffee & Tea, Donuts, Breakfast & Brunch",Coffee & Tea,5.0,34.24064,-116.87257,$,42612 Moonridge,Big Bear Lake,92315,CA
ERs8_W-XcIjBUJfMk6AwQw,Dank Donuts,False,150,"Coffee & Tea, Donuts, Breakfast & Brunch",Donuts,5.0,34.24064,-116.87257,$,42612 Moonridge,Big Bear Lake,92315,CA
ERs8_W-XcIjBUJfMk6AwQw,Dank Donuts,False,150,"Coffee & Tea, Donuts, Breakfast & Brunch",Breakfast & Brunch,5.0,34.24064,-116.87257,$,42612 Moonridge,Big Bear Lake,92315,CA
jE_xBOe-uWiOYO5diIGcBg,North Shore Cafe,False,403,Cafes,Cafes,4.0,34.268562,-116.9458555,$$,39226 N Shore Dr,Fawnskin,92333,CA
CWbVwHElc8mtXX-1w0C_wg,Mountain Munchies,False,387,"Sandwiches, American (Traditional), Breakfast & Brunch",Sandwiches,4.0,34.253367,-116.883685,$$,42171 1/2 Big Bear Blvd,Big Bear Lake,92315,CA
CWbVwHElc8mtXX-1w0C_wg,Mountain Munchies,False,387,"Sandwiches, American (Traditional), Breakfast & Brunch",American (Traditional),4.0,34.253367,-116.883685,$$,42171 1/2 Big Bear Blvd,Big Bear Lake,92315,CA
CWbVwHElc8mtXX-1w0C_wg,Mountain Munchies,False,387,"Sandwiches, American (Traditional), Breakfast & Brunch",Breakfast & Brunch,4.0,34.253367,-116.883685,$$,42171 1/2 Big Bear Blvd,Big Bear Lake,92315,CA
a1XRkS1sM2BUg1WX94duTQ,Masala Craft,False,395,Indian,Indian,4.5,34.240161,-116.912673,$$,40760 Village Dr,Big Bear Lake,92315,CA
jUtfheLrknu9e5K04jz8pA,Old Country Inn,False,269,American (Traditional),American (Traditional),3.0,34.243767681108,-116.904523832924,$$,41126 Big Bear Blvd,Big Bear Lake,92315,CA
8CtLze0xcg4ia0MME7IW7w,Amangela's Sandwich & Bagel House,False,465,"Bagels, Sandwiches",Bagels,4.0,34.239791,-116.913426,$,40729 Village Dr,Big Bear Lake,92315,CA
8CtLze0xcg4ia0MME7IW7w,Amangela's Sandwich & Bagel House,False,465,"Bagels, Sandwiches",Sandwiches,4.0,34.239791,-116.913426,$,40729 Village Dr,Big Bear Lake,92315,CA
RJwyyEXqw3Q-WuBo2eVOQA,Mountain Bar and Grill,False,35,"Sports Bars, American (Traditional), Mexican",Sports Bars,3.5,34.2446822863572,-116.881658993661,$$,42164 Moonridge Rd,Big Bear Lake,92315,CA
RJwyyEXqw3Q-WuBo2eVOQA,Mountain Bar and Grill,False,35,"Sports Bars, American (Traditional), Mexican",American (Traditional),3.5,34.2446822863572,-116.881658993661,$$,42164 Moonridge Rd,Big Bear Lake,92315,CA
RJwyyEXqw3Q-WuBo2eVOQA,Mountain Bar and Grill,False,35,"Sports Bars, American (Traditional), Mexican",Mexican,3.5,34.2446822863572,-116.881658993661,$$,42164 Moonridge Rd,Big Bear Lake,92315,CA
vU0A75Xaad-9m0T7_OodIw,Av Nightclub,False,99,"Bars, Dance Clubs, Sandwiches",Bars,3.5,34.2405836432493,-116.91204071045,$,664 Pine Knot Ave,Big Bear Lake,92315,CA
vU0A75Xaad-9m0T7_OodIw,Av Nightclub,False,99,"Bars, Dance Clubs, Sandwiches",Dance Clubs,3.5,34.2405836432493,-116.91204071045,$,664 Pine Knot Ave,Big Bear Lake,92315,CA
vU0A75Xaad-9m0T7_OodIw,Av Nightclub,False,99,"Bars, Dance Clubs, Sandwiches",Sandwiches,3.5,34.2405836432493,-116.91204071045,$,664 Pine Knot Ave,Big Bear Lake,92315,CA
y68V45cgQAVFWMrXZrOpxw,Kallans Bar and Grill Sugarloaf,False,263,"Bars, American (New), Breakfast & Brunch",Bars,4.0,34.24296,-116.82567,$$,44761 Barton Ln N,Sugarloaf,92386,CA
y68V45cgQAVFWMrXZrOpxw,Kallans Bar and Grill Sugarloaf,False,263,"Bars, American (New), Breakfast & Brunch",American (New),4.0,34.24296,-116.82567,$$,44761 Barton Ln N,Sugarloaf,92386,CA
y68V45cgQAVFWMrXZrOpxw,Kallans Bar and Grill Sugarloaf,False,263,"Bars, American (New), Breakfast & Brunch",Breakfast & Brunch,4.0,34.24296,-116.82567,$$,44761 Barton Ln N,Sugarloaf,92386,CA
pHOpAxTUuh7_he-op7uv1g,Bighorn Smokehouse,False,14,"Barbeque, Sandwiches",Barbeque,3.5,34.236328,-116.888703,$$,880 Summit Blvd,Big Bear Lake,92315,CA
pHOpAxTUuh7_he-op7uv1g,Bighorn Smokehouse,False,14,"Barbeque, Sandwiches",Sandwiches,3.5,34.236328,-116.888703,$$,880 Summit Blvd,Big Bear Lake,92315,CA
j3IH36Mx3bWGZT0Nvss2aQ,Red Baron Pizza,False,217,Pizza,Pizza,3.5,34.25374,-116.884309,$$,42173 1/2 Big Bear Blvd,Big Bear Lake,92315,CA
X7W1m_F6Yqr2vqLTsRdYag,Cocina De Mexico,False,114,Mexican,Mexican,4.0,34.261029972764,-116.849393695593,$,300 W Big Bear Blvd,Big Bear City,92314,CA
DMzkaUmTVXs8Ba_zNn1XDg,Stillwells Restaurant,False,138,"American (Traditional), Lounges, Burgers",American (Traditional),3.0,34.241,-116.91477,$$,40650 Village Dr,Big Bear Lake,92315,CA
DMzkaUmTVXs8Ba_zNn1XDg,Stillwells Restaurant,False,138,"American (Traditional), Lounges, Burgers",Lounges,3.0,34.241,-116.91477,$$,40650 Village Dr,Big Bear Lake,92315,CA
DMzkaUmTVXs8Ba_zNn1XDg,Stillwells Restaurant,False,138,"American (Traditional), Lounges, Burgers",Burgers,3.0,34.241,-116.91477,$$,40650 Village Dr,Big Bear Lake,92315,CA
6MNjv46mZWI-BdK9mMLIkw,Driftwood's BBQ,False,2,"Beer Bar, Burgers, Barbeque",Beer Bar,4.0,34.2361164175457,-116.888836474839,,850 Summit Blvd,Big Bear Lake,92315,CA
6MNjv46mZWI-BdK9mMLIkw,Driftwood's BBQ,False,2,"Beer Bar, Burgers, Barbeque",Burgers,4.0,34.2361164175457,-116.888836474839,,850 Summit Blvd,Big Bear Lake,92315,CA
6MNjv46mZWI-BdK9mMLIkw,Driftwood's BBQ,False,2,"Beer Bar, Burgers, Barbeque",Barbeque,4.0,34.2361164175457,-116.888836474839,,850 Summit Blvd,Big Bear Lake,92315,CA
wxuQyu1d9pxw0YOdHDvycA,Denny's,False,205,"American (Traditional), Breakfast & Brunch, Diners",American (Traditional),3.0,34.2437979239633,-116.903356825969,$,41196 Big Bear Blvd,Big Bear,92315,CA
wxuQyu1d9pxw0YOdHDvycA,Denny's,False,205,"American (Traditional), Breakfast & Brunch, Diners",Breakfast & Brunch,3.0,34.2437979239633,-116.903356825969,$,41196 Big Bear Blvd,Big Bear,92315,CA
wxuQyu1d9pxw0YOdHDvycA,Denny's,False,205,"American (Traditional), Breakfast & Brunch, Diners",Diners,3.0,34.2437979239633,-116.903356825969,$,41196 Big Bear Blvd,Big Bear,92315,CA
5KVNz0fCqhvILCaGhIBXUQ,Sizzler,False,133,"Seafood, Steakhouses, Salad",Seafood,2.5,34.24673,-116.88215,$$,42137 Big Bear Blvd,Big Bear Lake,92315,CA
5KVNz0fCqhvILCaGhIBXUQ,Sizzler,False,133,"Seafood, Steakhouses, Salad",Steakhouses,2.5,34.24673,-116.88215,$$,42137 Big Bear Blvd,Big Bear Lake,92315,CA
5KVNz0fCqhvILCaGhIBXUQ,Sizzler,False,133,"Seafood, Steakhouses, Salad",Salad,2.5,34.24673,-116.88215,$$,42137 Big Bear Blvd,Big Bear Lake,92315,CA
4rT3TmkyMup1QXeSHG4URg,Domino's Pizza,False,136,"Pizza, Chicken Wings, Sandwiches",Pizza,2.5,34.24384,-116.90241,$,41234 Big Bear Blvd,Big Bear Lake,92315,CA
4rT3TmkyMup1QXeSHG4URg,Domino's Pizza,False,136,"Pizza, Chicken Wings, Sandwiches",Chicken Wings,2.5,34.24384,-116.90241,$,41234 Big Bear Blvd,Big Bear Lake,92315,CA
4rT3TmkyMup1QXeSHG4URg,Domino's Pizza,False,136,"Pizza, Chicken Wings, Sandwiches",Sandwiches,2.5,34.24384,-116.90241,$,41234 Big Bear Blvd,Big Bear Lake,92315,CA
P0hXgsi1OgjpA2rgtvZv1g,Blanca and Pierre's,False,187,"American (Traditional), Breakfast & Brunch",American (Traditional),4.0,34.2386102,-116.9475458,$,39170 Big Bear Blvd,Big Bear Lake,92305,CA
P0hXgsi1OgjpA2rgtvZv1g,Blanca and Pierre's,False,187,"American (Traditional), Breakfast & Brunch",Breakfast & Brunch,4.0,34.2386102,-116.9475458,$,39170 Big Bear Blvd,Big Bear Lake,92305,CA
0vJ3F_KbUo5ZT8pINpOr2A,Stater Bros. Markets,False,84,"Grocery, Delis, Butcher",Grocery,3.5,34.252658,-116.883312,$,42171 Big Bear Blvd,Big Bear Lake,92315,CA
0vJ3F_KbUo5ZT8pINpOr2A,Stater Bros. Markets,False,84,"Grocery, Delis, Butcher",Delis,3.5,34.252658,-116.883312,$,42171 Big Bear Blvd,Big Bear Lake,92315,CA
0vJ3F_KbUo5ZT8pINpOr2A,Stater Bros. Markets,False,84,"Grocery, Delis, Butcher",Butcher,3.5,34.252658,-116.883312,$,42171 Big Bear Blvd,Big Bear Lake,92315,CA
eA9f9D-WwMJ-yc_l_fkT8Q,Moonridge Coffee Company,False,286,"Coffee & Tea, Sandwiches",Coffee & Tea,4.0,34.24045,-116.87167,$,42646 Moonridge Rd,Big Bear Lake,92315,CA
eA9f9D-WwMJ-yc_l_fkT8Q,Moonridge Coffee Company,False,286,"Coffee & Tea, Sandwiches",Sandwiches,4.0,34.24045,-116.87167,$,42646 Moonridge Rd,Big Bear Lake,92315,CA
mY-S4tXaY8FmR1vUgseLgg,Community Market,False,56,"Grocery, Delis, Meat Shops",Grocery,4.5,34.2609854,-116.8453787,$,100 E Big Bear Blvd,Big Bear City,92314,CA
mY-S4tXaY8FmR1vUgseLgg,Community Market,False,56,"Grocery, Delis, Meat Shops",Delis,4.5,34.2609854,-116.8453787,$,100 E Big Bear Blvd,Big Bear City,92314,CA
mY-S4tXaY8FmR1vUgseLgg,Community Market,False,56,"Grocery, Delis, Meat Shops",Meat Shops,4.5,34.2609854,-116.8453787,$,100 E Big Bear Blvd,Big Bear City,92314,CA
kyUNL_OhqQeLHB9Lna8zHg,Alpine Country Coffee Shop,False,205,"Seafood, American (Traditional), Mexican",Seafood,3.5,34.243648,-116.895626,$,41546 Big Bear Blvd,Big Bear Lake,92315,CA
kyUNL_OhqQeLHB9Lna8zHg,Alpine Country Coffee Shop,False,205,"Seafood, American (Traditional), Mexican",American (Traditional),3.5,34.243648,-116.895626,$,41546 Big Bear Blvd,Big Bear Lake,92315,CA
kyUNL_OhqQeLHB9Lna8zHg,Alpine Country Coffee Shop,False,205,"Seafood, American (Traditional), Mexican",Mexican,3.5,34.243648,-116.895626,$,41546 Big Bear Blvd,Big Bear Lake,92315,CA
fSi69imQn6yK48Vhn8nCvg,El Pollo Loco,False,70,"Mexican, Fast Food",Mexican,3.5,34.2433752,-116.8995852,$,41383 Big Bear Blvd,Big Bear Lake,92315,CA
fSi69imQn6yK48Vhn8nCvg,El Pollo Loco,False,70,"Mexican, Fast Food",Fast Food,3.5,34.2433752,-116.8995852,$,41383 Big Bear Blvd,Big Bear Lake,92315,CA
wR7rza4hEv3cL8dtDtETTg,Skyline Taphouse,False,5,Barbeque,Barbeque,3.5,34.23651,-116.88928,$$,880 Summit Blvd,Big Bear Lake,92315,CA
MDPyo3lG5FqRlS9mCNI7XA,O J's Donuts House,False,64,"Donuts, Ice Cream & Frozen Yogurt, Sandwiches",Donuts,4.5,34.253668,-116.884483,$,42173 Big Bear Blvd,Big Bear Lake,92315,CA
MDPyo3lG5FqRlS9mCNI7XA,O J's Donuts House,False,64,"Donuts, Ice Cream & Frozen Yogurt, Sandwiches",Ice Cream & Frozen Yogurt,4.5,34.253668,-116.884483,$,42173 Big Bear Blvd,Big Bear Lake,92315,CA
MDPyo3lG5FqRlS9mCNI7XA,O J's Donuts House,False,64,"Donuts, Ice Cream & Frozen Yogurt, Sandwiches",Sandwiches,4.5,34.253668,-116.884483,$,42173 Big Bear Blvd,Big Bear Lake,92315,CA
MUxYkR-GLe2INHxDXdYp2A,La Bamba Mexican Restaurant,False,81,Mexican,Mexican,3.0,34.2419204711914,-116.915603637695,$$,587 Bonanza Trl,Big Bear Lake,92315,CA
4BgHc55e-0i-xbL9vU9V-g,Taco Bell,False,59,"Fast Food, Tex-Mex, Mexican",Fast Food,2.0,34.243475,-116.903462,$,41170 Big Bear Blvd,Big Bear Lake,92315,CA
4BgHc55e-0i-xbL9vU9V-g,Taco Bell,False,59,"Fast Food, Tex-Mex, Mexican",Tex-Mex,2.0,34.243475,-116.903462,$,41170 Big Bear Blvd,Big Bear Lake,92315,CA
4BgHc55e-0i-xbL9vU9V-g,Taco Bell,False,59,"Fast Food, Tex-Mex, Mexican",Mexican,2.0,34.243475,-116.903462,$,41170 Big Bear Blvd,Big Bear Lake,92315,CA
h46UOJVDOU08OmclqFx4zA,No Name Pizza,False,189,"Pizza, Sandwiches",Pizza,3.5,34.2602729797363,-116.864906311035,$$,1112 W Big Bear Blvd,Big Bear City,92314,CA
h46UOJVDOU08OmclqFx4zA,No Name Pizza,False,189,"Pizza, Sandwiches",Sandwiches,3.5,34.2602729797363,-116.864906311035,$$,1112 W Big Bear Blvd,Big Bear City,92314,CA
NcI-WHXWjxLphP5aY81DPQ,Thelma's Family Restaurant & Bakery,False,358,"Bakeries, American (Traditional), Breakfast & Brunch",Bakeries,3.5,34.26137,-116.85048,$$,337 W Big Bear Blvd,Big Bear City,92314,CA
NcI-WHXWjxLphP5aY81DPQ,Thelma's Family Restaurant & Bakery,False,358,"Bakeries, American (Traditional), Breakfast & Brunch",American (Traditional),3.5,34.26137,-116.85048,$$,337 W Big Bear Blvd,Big Bear City,92314,CA
NcI-WHXWjxLphP5aY81DPQ,Thelma's Family Restaurant & Bakery,False,358,"Bakeries, American (Traditional), Breakfast & Brunch",Breakfast & Brunch,3.5,34.26137,-116.85048,$$,337 W Big Bear Blvd,Big Bear City,92314,CA
TVdBDsTcIL4FZucz_YpbcA,Hog On The Rocks,False,4,Barbeque,Barbeque,4.0,34.220271,-116.892822,$$$$,880 Summit Blvd,Big Bear Lake,92315,CA
L6DWEdbmCYVjVEwp1aQkzw,Jersey Mike's Subs,False,34,"Fast Food, Delis, Sandwiches",Fast Food,3.0,34.2532156,-116.8845487,,42173 1/2 Big Bear Blvd,Big Bear Lake,92315,CA
L6DWEdbmCYVjVEwp1aQkzw,Jersey Mike's Subs,False,34,"Fast Food, Delis, Sandwiches",Delis,3.0,34.2532156,-116.8845487,,42173 1/2 Big Bear Blvd,Big Bear Lake,92315,CA
L6DWEdbmCYVjVEwp1aQkzw,Jersey Mike's Subs,False,34,"Fast Food, Delis, Sandwiches",Sandwiches,3.0,34.2532156,-116.8845487,,42173 1/2 Big Bear Blvd,Big Bear Lake,92315,CA
eAm9Go8QLdoGJqI_15zmaw,Lumber Jack Cafe,False,264,"Breakfast & Brunch, Desserts, Sandwiches",Breakfast & Brunch,4.0,34.26064,-116.86246,$,1001 W Big Bear Blvd,Big Bear City,92314,CA
eAm9Go8QLdoGJqI_15zmaw,Lumber Jack Cafe,False,264,"Breakfast & Brunch, Desserts, Sandwiches",Desserts,4.0,34.26064,-116.86246,$,1001 W Big Bear Blvd,Big Bear City,92314,CA
eAm9Go8QLdoGJqI_15zmaw,Lumber Jack Cafe,False,264,"Breakfast & Brunch, Desserts, Sandwiches",Sandwiches,4.0,34.26064,-116.86246,$,1001 W Big Bear Blvd,Big Bear City,92314,CA
pso9LsQ1LoA1klfLXnQuhA,Blt's,False,225,Sandwiches,Sandwiches,3.0,34.243026,-116.890151,$,41799 Big Bear Blvd,Big Bear Lake,92315,CA
tqTnZ26e5S8hfsQMbKwFWA,McDonald's,False,139,"Fast Food, Burgers, Coffee & Tea",Fast Food,2.0,34.2438496597833,-116.89863003327,$,41412 Big Bear Blvd,Big Bear Lake,92314,CA
tqTnZ26e5S8hfsQMbKwFWA,McDonald's,False,139,"Fast Food, Burgers, Coffee & Tea",Burgers,2.0,34.2438496597833,-116.89863003327,$,41412 Big Bear Blvd,Big Bear Lake,92314,CA
tqTnZ26e5S8hfsQMbKwFWA,McDonald's,False,139,"Fast Food, Burgers, Coffee & Tea",Coffee & Tea,2.0,34.2438496597833,-116.89863003327,$,41412 Big Bear Blvd,Big Bear Lake,92314,CA
b5os10gPQ3JAsX3FhXrSag,Bear Valley Community Hospital Cafeteria,False,1,Cafeteria,Cafeteria,4.0,34.246511,-116.888495,$,41870 Garstin Dr,Big Bear Lake,92315,CA
EfjkxocSfk8AQ4VLPbcL9w,The Barnstorm Restaurant,False,128,"Salad, Breakfast & Brunch, Burgers",Salad,3.5,34.261772,-116.853653,$$,501 W Valley Blvd,Big Bear City,92314,CA
EfjkxocSfk8AQ4VLPbcL9w,The Barnstorm Restaurant,False,128,"Salad, Breakfast & Brunch, Burgers",Breakfast & Brunch,3.5,34.261772,-116.853653,$$,501 W Valley Blvd,Big Bear City,92314,CA
EfjkxocSfk8AQ4VLPbcL9w,The Barnstorm Restaurant,False,128,"Salad, Breakfast & Brunch, Burgers",Burgers,3.5,34.261772,-116.853653,$$,501 W Valley Blvd,Big Bear City,92314,CA
3zrU0eVmOJ31lREHhN-CHg,La Paws Restaurant,False,83,Mexican,Mexican,3.5,34.26027,-116.86548,$,1128 W Big Bear Blvd,Big Bear City,92314,CA
I7MaQdcznTmwi-igEHHoMA,Blanca's Restaurant,False,3,American (New),American (New),3.5,34.24279,-116.90816,,,Big Bear Lake,92315,CA
kv9cnsx2E4yaL7jObGbJOA,Little Caesars,False,19,Pizza,Pizza,2.5,34.2480792,-116.882944,$,42126 Big Bear Blvd,Big Bear Lake,92315,CA
fM2e1LBVBICN8JSnLmYb2A,Carl's Jr Restaurant,False,86,Fast Food,Fast Food,1.5,34.242996,-116.891906,$,41717 Big Bear Blvd,Big Bear Lake,92315,CA
cB4dFMkPq-dDHqXmG8j68g,Boneyards,False,2,"Barbeque, Southern, Smokehouse",Barbeque,5.0,34.2277566543921,-116.860904481615,,43101 Goldmine Dr,Big Bear Lake,92315,CA
cB4dFMkPq-dDHqXmG8j68g,Boneyards,False,2,"Barbeque, Southern, Smokehouse",Southern,5.0,34.2277566543921,-116.860904481615,,43101 Goldmine Dr,Big Bear Lake,92315,CA
cB4dFMkPq-dDHqXmG8j68g,Boneyards,False,2,"Barbeque, Southern, Smokehouse",Smokehouse,5.0,34.2277566543921,-116.860904481615,,43101 Goldmine Dr,Big Bear Lake,92315,CA
0YRrEccQYIB90au87qIAvw,Blt's Diner,False,13,"Bars, Sandwiches",Bars,2.5,34.2430267333984,-116.890151977539,,41799 Big Bear Blvd,Big Bear Lake,92315,CA
0YRrEccQYIB90au87qIAvw,Blt's Diner,False,13,"Bars, Sandwiches",Sandwiches,2.5,34.2430267333984,-116.890151977539,,41799 Big Bear Blvd,Big Bear Lake,92315,CA
w74qZyxOCNAeBBZ9-MpRbw,Subway,False,57,"Fast Food, Sandwiches",Fast Food,2.0,34.24808,-116.8829447,$,42124 Big Bear Blvd,Big Bear Lake,92315,CA
w74qZyxOCNAeBBZ9-MpRbw,Subway,False,57,"Fast Food, Sandwiches",Sandwiches,2.0,34.24808,-116.8829447,$,42124 Big Bear Blvd,Big Bear Lake,92315,CA
ZinC42Cnu84nJsE8j5YKdA,Jack in the Box,False,54,"Fast Food, Breakfast & Brunch, Burgers",Fast Food,1.5,34.2397211,-116.912458,$,40771 Village Dr,Big Bear Lake,92315,CA
ZinC42Cnu84nJsE8j5YKdA,Jack in the Box,False,54,"Fast Food, Breakfast & Brunch, Burgers",Breakfast & Brunch,1.5,34.2397211,-116.912458,$,40771 Village Dr,Big Bear Lake,92315,CA
ZinC42Cnu84nJsE8j5YKdA,Jack in the Box,False,54,"Fast Food, Breakfast & Brunch, Burgers",Burgers,1.5,34.2397211,-116.912458,$,40771 Village Dr,Big Bear Lake,92315,CA
2uXcLKWyNw3YY1fTFdJgOg,Oakfire Grill,False,3,"American (New), Breakfast & Brunch",American (New),2.5,34.236587,-116.889732,,880 Summit Blvd,Big Bear Lake,92315,CA
2uXcLKWyNw3YY1fTFdJgOg,Oakfire Grill,False,3,"American (New), Breakfast & Brunch",Breakfast & Brunch,2.5,34.236587,-116.889732,,880 Summit Blvd,Big Bear Lake,92315,CA
iClQENAQVr-wUDKQmf20XA,Silver Mountain Eatery,False,3,"American (Traditional), Food Court",American (Traditional),3.5,34.22667,-116.86068,,43101 Goldmine Dr,Big Bear Lake,92315,CA
iClQENAQVr-wUDKQmf20XA,Silver Mountain Eatery,False,3,"American (Traditional), Food Court",Food Court,3.5,34.22667,-116.86068,,43101 Goldmine Dr,Big Bear Lake,92315,CA
bVej3wX1cZk8Xt0eY83D2g,SoCal Marketplace,False,1,"American (New), Tacos",American (New),3.0,34.23651,-116.88928,,880 Summit Blvd,Big Bear Lake,92315,CA
bVej3wX1cZk8Xt0eY83D2g,SoCal Marketplace,False,1,"American (New), Tacos",Tacos,3.0,34.23651,-116.88928,,880 Summit Blvd,Big Bear Lake,92315,CA
mnCVlw5erRAQsMu5Z5esjA,Q's Tacos Food Truck,False,27,"Food Trucks, Mexican, Breakfast & Brunch",Food Trucks,4.5,33.48937,-117.14904,,,Temecula,92590,CA
mnCVlw5erRAQsMu5Z5esjA,Q's Tacos Food Truck,False,27,"Food Trucks, Mexican, Breakfast & Brunch",Mexican,4.5,33.48937,-117.14904,,,Temecula,92590,CA
mnCVlw5erRAQsMu5Z5esjA,Q's Tacos Food Truck,False,27,"Food Trucks, Mexican, Breakfast & Brunch",Breakfast & Brunch,4.5,33.48937,-117.14904,,,Temecula,92590,CA
